Config # for ,Initial,Final,Net Power Consumption for 75 Iterations,kWh/it,Wh/it
1,0,0.00023,0.00023,0.000003066666667,0.003066666667
2,0.00023,0.00063,0.0004,0.000005333333333,0.005333333333
3,0.00063,0.00089,0.00026,0.000003466666667,0.003466666667
4,0.00089,0.00137,0.00048,0.0000064,0.0064
5,0.00137,0.00166,0.00029,0.000003866666667,0.003866666667
6,0.00166,0.00229,0.00063,0.0000084,0.0084
7,0.00229,0.00259,0.0003,0.000004,0.004
8,0.00259,0.00332,0.00073,0.000009733333333,0.009733333333