,s,im_size,flops,num_params,miou,speed
0,0.5,512x256,149.397482,0.080342,0.40091333132971485,0.9637131214141845
1,0.5,1024x512,597.558896,0.080342,0.4436908308205113,3.3059887886047363
2,1.0,512x256,271.661034,0.23401,0.46203942426470446,1.2679274797439575
3,1.0,1024x512,1086.594672,0.23401,0.5141861703138393,4.147480106353759
4,1.5,512x256,428.658154,0.468362,0.43254194994101336,1.5746046781539917
5,1.5,1024x512,1714.566256,0.468362,0.4986472971599666,5.131690216064453
6,2.0,512x256,674.784234,0.789242,0.43916753156294364,1.8934941053390504
7,2.0,1024x512,2699.05368,0.789242,0.5090709743006216,6.148569917678833
